id,x,y,z,oriention,range
1,0.250459,-0.9699857,10.23766,180,2.0